item,world,family,T,q,band,n_pool,n_selected,r,w
seed7010:b2643,seed7010,S5_civ_wonders,210,0.002,tail,26,5,0.19230769230769232,0.42880703683342497
seed7011:b2579,seed7011,NW5_wonder,210,0.001,tail,40,5,0.125,0.6597031335898845
seed7003:b3011,seed7003,NB1_value_threshold,210,0.05,tail,10,5,0.5,0.16492578339747113
seed7005:b2736,seed7005,W1_wonder_race,210,0.024,tail,77,5,0.06493506493506493,1.2699285321605278
seed7003:b3046,seed7003,NB4_drawdown,210,0.037,tail,54,5,0.09259259259259259,0.8905992303463441
seed7003:b2842,seed7003,NW1_war_at,210,0.003,tail,3,2,0.6666666666666666,0.12369433754810336
seed7003:b2830,seed7003,NW2_diplo,210,0.003,tail,20,5,0.25,0.32985156679494226
seed7008:b3537,seed7008,EX_tech_discovered,210,0.026,tail,221,5,0.02262443438914027,3.6448598130841123
seed7003:b3342,seed7003,W5_tech_lead,210,0.028,tail,2,2,1.0,0.08246289169873557
seed7008:b2847,seed7008,W6_peace_at,210,0.002,tail,27,5,0.18518518518518517,0.44529961517317207
seed7010:b2538,seed7010,EX_government_at,210,0.042,tail,64,4,0.0625,1.319406267179769
seed7022:b1608,seed7022,NW4_survival,210,0.003,tail,11,4,0.36363636363636365,0.2267729521715228
seed7003:b2868,seed7003,W2_directed_conquest,210,0.002,tail,13,4,0.3076923076923077,0.2680043980208906
seed7005:b2951,seed7005,NEW_civil_war,210,0.049,tail,4,4,1.0,0.08246289169873557
seed7010:b2981,seed7010,S5_civ_wonders,210,0.007,tail,26,5,0.19230769230769232,0.42880703683342497
seed7022:b1493,seed7022,NW5_wonder,210,0.005,tail,40,5,0.125,0.6597031335898845
seed7001:b2233,seed7001,NB1_value_threshold,210,0.05,tail,10,5,0.5,0.16492578339747113
seed7008:b3010,seed7008,W1_wonder_race,210,0.02,tail,77,5,0.06493506493506493,1.2699285321605278
seed7005:b3152,seed7005,NB4_drawdown,210,0.017,tail,54,5,0.09259259259259259,0.8905992303463441
seed7003:b2866,seed7003,NW1_war_at,210,0.002,tail,3,2,0.6666666666666666,0.12369433754810336
seed7003:b2854,seed7003,NW2_diplo,210,0.001,tail,20,5,0.25,0.32985156679494226
seed7003:b3195,seed7003,EX_tech_discovered,210,0.036,tail,221,5,0.02262443438914027,3.6448598130841123
seed7008:b3063,seed7008,W5_tech_lead,210,0.042,tail,2,2,1.0,0.08246289169873557
seed7014:b2426,seed7014,W6_peace_at,210,0.003,tail,27,5,0.18518518518518517,0.44529961517317207
seed7003:b3062,seed7003,EX_government_at,210,0.011,tail,64,4,0.0625,1.319406267179769
seed7022:b1612,seed7022,NW4_survival,210,0.002,tail,11,4,0.36363636363636365,0.2267729521715228
seed7003:b2797,seed7003,W2_directed_conquest,210,0.01,tail,13,4,0.3076923076923077,0.2680043980208906
seed7005:b2953,seed7005,NEW_civil_war,210,0.032,tail,4,4,1.0,0.08246289169873557
seed7003:b3166,seed7003,S5_civ_wonders,210,0.005,tail,26,5,0.19230769230769232,0.42880703683342497
seed7008:b2995,seed7008,NW5_wonder,210,0.021,tail,40,5,0.125,0.6597031335898845
seed7014:b2587,seed7014,NB1_value_threshold,210,0.05,tail,10,5,0.5,0.16492578339747113
seed7011:b2573,seed7011,W1_wonder_race,210,0.009,tail,77,5,0.06493506493506493,1.2699285321605278
seed7014:b2955,seed7014,NB4_drawdown,210,0.042,tail,54,5,0.09259259259259259,0.8905992303463441
seed7008:b2928,seed7008,NW2_diplo,210,0.037,tail,20,5,0.25,0.32985156679494226
seed7011:b2718,seed7011,EX_tech_discovered,210,0.029,tail,221,5,0.02262443438914027,3.6448598130841123
seed7010:b2488,seed7010,W6_peace_at,210,0.004,tail,27,5,0.18518518518518517,0.44529961517317207
seed7011:b2588,seed7011,EX_government_at,210,0.013,tail,64,4,0.0625,1.319406267179769
seed7001:b2280,seed7001,NW4_survival,210,0.004,tail,11,4,0.36363636363636365,0.2267729521715228
seed7008:b2849,seed7008,W2_directed_conquest,210,0.01,tail,13,4,0.3076923076923077,0.2680043980208906
seed7010:b2991,seed7010,NEW_civil_war,210,0.05,tail,4,4,1.0,0.08246289169873557
seed7022:b1599,seed7022,S5_civ_wonders,210,0.029,tail,26,5,0.19230769230769232,0.42880703683342497
seed7014:b2511,seed7014,NW5_wonder,210,0.029,tail,40,5,0.125,0.6597031335898845
seed7011:b2658,seed7011,NB1_value_threshold,210,0.05,tail,10,5,0.5,0.16492578339747113
seed7008:b2997,seed7008,W1_wonder_race,210,0.002,tail,77,5,0.06493506493506493,1.2699285321605278
seed7011:b2694,seed7011,NB4_drawdown,210,0.048,tail,54,5,0.09259259259259259,0.8905992303463441
seed7008:b2902,seed7008,NW2_diplo,210,0.005,tail,20,5,0.25,0.32985156679494226
seed7001:b2177,seed7001,EX_tech_discovered,210,0.03,tail,221,5,0.02262443438914027,3.6448598130841123
seed7008:b2886,seed7008,W6_peace_at,210,0.004,tail,27,5,0.18518518518518517,0.44529961517317207
seed7014:b2860,seed7014,EX_government_at,210,0.021,tail,64,4,0.0625,1.319406267179769
seed7022:b1610,seed7022,NW4_survival,210,0.003,tail,11,4,0.36363636363636365,0.2267729521715228
seed7008:b2944,seed7008,W2_directed_conquest,210,0.019,tail,13,4,0.3076923076923077,0.2680043980208906
seed7005:b2849,seed7005,NEW_civil_war,210,0.019,tail,4,4,1.0,0.08246289169873557
seed7008:b3484,seed7008,S5_civ_wonders,210,0.044,tail,26,5,0.19230769230769232,0.42880703683342497
seed7005:b2729,seed7005,NW5_wonder,210,0.001,tail,40,5,0.125,0.6597031335898845
seed7010:b2715,seed7010,NB1_value_threshold,210,0.05,tail,10,5,0.5,0.16492578339747113
seed7014:b2500,seed7014,W1_wonder_race,210,0.002,tail,77,5,0.06493506493506493,1.2699285321605278
seed7010:b2978,seed7010,NB4_drawdown,210,0.005,tail,54,5,0.09259259259259259,0.8905992303463441
seed7014:b2399,seed7014,NW2_diplo,210,0.007,tail,20,5,0.25,0.32985156679494226
seed7014:b2777,seed7014,EX_tech_discovered,210,0.003,tail,221,5,0.02262443438914027,3.6448598130841123
seed7011:b2533,seed7011,W6_peace_at,210,0.006,tail,27,5,0.18518518518518517,0.44529961517317207
seed7008:b2414,seed7008,W5_tech_lead,180,0.037,tail,2,2,1.0,0.08246289169873557
seed7008:b2245,seed7008,EX_government_at,180,0.012,tail,74,5,0.06756756756756757,1.2204507971412863
seed7008:b2362,seed7008,NEW_civil_war,180,0.029,tail,5,5,1.0,0.08246289169873557
seed7003:b2123,seed7003,NW1_war_at,180,0.001,tail,3,3,1.0,0.08246289169873557
seed7001:b1778,seed7001,NW5_wonder,180,0.031,tail,43,5,0.11627906976744186,0.7091808686091259
seed7003:b2442,seed7003,EX_tech_discovered,180,0.001,tail,219,5,0.0228310502283105,3.6118746564046176
seed7003:b2054,seed7003,W2_directed_conquest,180,0.009,tail,18,5,0.2777777777777778,0.29686641011544807
seed7008:b2122,seed7008,NW2_diplo,180,0.006,tail,24,5,0.20833333333333334,0.3958218801539307
seed7008:b2349,seed7008,S5_civ_wonders,180,0.025,tail,35,5,0.14285714285714285,0.577240241891149
seed7011:b1990,seed7011,W1_wonder_race,180,0.008,tail,85,4,0.047058823529411764,1.7523364485981308
seed7010:b2314,seed7010,NW4_survival,180,0.003,tail,9,4,0.4444444444444444,0.18554150632215502
seed7005:b1976,seed7005,W6_peace_at,180,0.003,tail,31,4,0.12903225806451613,0.6390874106652006
seed7011:b2178,seed7011,NB1_value_threshold,180,0.05,tail,15,4,0.26666666666666666,0.3092358438702584
seed7010:b2408,seed7010,NB4_drawdown,180,0.006,tail,74,4,0.05405405405405406,1.525563496426608
seed7008:b2290,seed7008,W5_tech_lead,180,0.04,tail,2,2,1.0,0.08246289169873557
seed7014:b2291,seed7014,EX_government_at,180,0.025,tail,74,5,0.06756756756756757,1.2204507971412863
seed7005:b2219,seed7005,NEW_civil_war,180,0.015,tail,5,5,1.0,0.08246289169873557
seed7003:b2099,seed7003,NW1_war_at,180,0.001,tail,3,3,1.0,0.08246289169873557
seed7014:b1951,seed7014,NW5_wonder,180,0.018,tail,43,5,0.11627906976744186,0.7091808686091259
seed7014:b2300,seed7014,EX_tech_discovered,180,0.002,tail,219,5,0.0228310502283105,3.6118746564046176
seed7008:b2083,seed7008,W2_directed_conquest,180,0.009,tail,18,5,0.2777777777777778,0.29686641011544807
seed7003:b2088,seed7003,NW2_diplo,180,0.001,tail,24,5,0.20833333333333334,0.3958218801539307
seed7003:b2761,seed7003,S5_civ_wonders,180,0.048,tail,35,5,0.14285714285714285,0.577240241891149
seed7014:b1952,seed7014,W1_wonder_race,180,0.007,tail,85,4,0.047058823529411764,1.7523364485981308
seed7014:b2288,seed7014,NW4_survival,180,0.004,tail,9,4,0.4444444444444444,0.18554150632215502
seed7003:b2075,seed7003,W6_peace_at,180,0.006,tail,31,4,0.12903225806451613,0.6390874106652006
seed7003:b2606,seed7003,NB1_value_threshold,180,0.05,tail,15,4,0.26666666666666666,0.3092358438702584
seed7014:b2273,seed7014,NB4_drawdown,180,0.012,tail,74,4,0.05405405405405406,1.525563496426608
seed7008:b2716,seed7008,EX_government_at,180,0.029,tail,74,5,0.06756756756756757,1.2204507971412863
seed7010:b2422,seed7010,NEW_civil_war,180,0.042,tail,5,5,1.0,0.08246289169873557
seed7005:b2051,seed7005,NW1_war_at,180,0.025,tail,3,3,1.0,0.08246289169873557
seed7011:b1987,seed7011,NW5_wonder,180,0.018,tail,43,5,0.11627906976744186,0.7091808686091259
seed7005:b2327,seed7005,EX_tech_discovered,180,0.006,tail,219,5,0.0228310502283105,3.6118746564046176
seed7003:b2041,seed7003,W2_directed_conquest,180,0.032,tail,18,5,0.2777777777777778,0.29686641011544807
seed7005:b2040,seed7005,NW2_diplo,180,0.008,tail,24,5,0.20833333333333334,0.3958218801539307
seed7001:b2000,seed7001,S5_civ_wonders,180,0.005,tail,35,5,0.14285714285714285,0.577240241891149
seed7008:b2228,seed7008,W1_wonder_race,180,0.002,tail,85,4,0.047058823529411764,1.7523364485981308
seed7022:b1480,seed7022,NW4_survival,180,0.003,tail,9,4,0.4444444444444444,0.18554150632215502
seed7008:b2149,seed7008,W6_peace_at,180,0.018,tail,31,4,0.12903225806451613,0.6390874106652006
seed7010:b2375,seed7010,NB1_value_threshold,180,0.05,tail,15,4,0.26666666666666666,0.3092358438702584
seed7001:b1886,seed7001,NB4_drawdown,180,0.032,tail,74,4,0.05405405405405406,1.525563496426608
seed7010:b2095,seed7010,EX_government_at,180,0.022,tail,74,5,0.06756756756756757,1.2204507971412863
seed7005:b2322,seed7005,NEW_civil_war,180,0.045,tail,5,5,1.0,0.08246289169873557
seed7003:b2162,seed7003,NW5_wonder,180,0.014,tail,43,5,0.11627906976744186,0.7091808686091259
seed7005:b2233,seed7005,EX_tech_discovered,180,0.016,tail,219,5,0.0228310502283105,3.6118746564046176
seed7003:b2089,seed7003,W2_directed_conquest,180,0.049,tail,18,5,0.2777777777777778,0.29686641011544807
seed7003:b2053,seed7003,NW2_diplo,180,0.034,tail,24,5,0.20833333333333334,0.3958218801539307
seed7005:b2530,seed7005,S5_civ_wonders,180,0.032,tail,35,5,0.14285714285714285,0.577240241891149
seed7008:b2214,seed7008,W1_wonder_race,180,0.046,tail,85,4,0.047058823529411764,1.7523364485981308
seed7001:b1899,seed7001,NW4_survival,180,0.004,tail,9,4,0.4444444444444444,0.18554150632215502
seed7010:b1910,seed7010,W6_peace_at,180,0.014,tail,31,4,0.12903225806451613,0.6390874106652006
seed7001:b1961,seed7001,NB1_value_threshold,180,0.05,tail,15,4,0.26666666666666666,0.3092358438702584
seed7011:b2103,seed7011,NB4_drawdown,180,0.034,tail,74,4,0.05405405405405406,1.525563496426608
seed7010:b2204,seed7010,EX_government_at,180,0.043,tail,74,5,0.06756756756756757,1.2204507971412863
seed7005:b2436,seed7005,NEW_civil_war,180,0.025,tail,5,5,1.0,0.08246289169873557
seed7005:b2074,seed7005,NW5_wonder,180,0.029,tail,43,5,0.11627906976744186,0.7091808686091259
seed7011:b2363,seed7011,EX_tech_discovered,180,0.003,tail,219,5,0.0228310502283105,3.6118746564046176
seed7008:b2179,seed7008,W2_directed_conquest,180,0.01,tail,18,5,0.2777777777777778,0.29686641011544807
seed7014:b1846,seed7014,NW2_diplo,180,0.002,tail,24,5,0.20833333333333334,0.3958218801539307
seed7010:b2412,seed7010,S5_civ_wonders,180,0.003,tail,35,5,0.14285714285714285,0.577240241891149
seed7011:b1667,seed7011,NW4_survival,150,0.007,tail,7,5,0.7142857142857143,0.11544804837822978
seed7010:b1442,seed7010,EX_government_at,150,0.001,tail,80,5,0.0625,1.319406267179769
seed7011:b1844,seed7011,NB1_value_threshold,150,0.05,tail,12,5,0.4166666666666667,0.19791094007696536
seed7022:b864,seed7022,NW1_war_at,150,0.003,tail,3,3,1.0,0.08246289169873557
seed7005:b1551,seed7005,EX_tech_discovered,150,0.004,tail,179,5,0.027932960893854747,2.952171522814733
seed7011:b1436,seed7011,W1_wonder_race,150,0.001,tail,94,4,0.0425531914893617,1.9378779549202858
seed7005:b1265,seed7005,W2_directed_conquest,150,0.01,tail,24,4,0.16666666666666666,0.4947773501924134
seed7003:b1395,seed7003,NW2_diplo,150,0.001,tail,25,4,0.16,0.5153930731170973
seed7014:b1517,seed7014,S5_civ_wonders,150,0.012,tail,43,4,0.09302325581395349,0.8864760857614074
seed7003:b1846,seed7003,W5_tech_lead,150,0.041,tail,4,4,1.0,0.08246289169873557
seed7003:b1336,seed7003,W6_peace_at,150,0.026,tail,32,4,0.125,0.6597031335898845
seed7005:b1936,seed7005,NB4_drawdown,150,0.009,tail,111,4,0.036036036036036036,2.288345244639912
seed7022:b1113,seed7022,NEW_civil_war,150,0.039,tail,15,4,0.26666666666666666,0.3092358438702584
seed7010:b1419,seed7010,NW5_wonder,150,0.015,tail,44,4,0.09090909090909091,0.9070918086860912
seed7022:b883,seed7022,EX_comparative,150,0.037,tail,1,1,1.0,0.08246289169873557
seed7014:b1740,seed7014,NW4_survival,150,0.003,tail,7,5,0.7142857142857143,0.11544804837822978
seed7005:b1844,seed7005,EX_government_at,150,0.023,tail,80,5,0.0625,1.319406267179769
seed7014:b1587,seed7014,NB1_value_threshold,150,0.05,tail,12,5,0.4166666666666667,0.19791094007696536
seed7005:b1359,seed7005,NW1_war_at,150,0.023,tail,3,3,1.0,0.08246289169873557
seed7010:b1449,seed7010,EX_tech_discovered,150,0.012,tail,179,5,0.027932960893854747,2.952171522814733
seed7010:b1418,seed7010,W1_wonder_race,150,0.047,tail,94,4,0.0425531914893617,1.9378779549202858
seed7003:b1408,seed7003,W2_directed_conquest,150,0.001,tail,24,4,0.16666666666666666,0.4947773501924134
seed7001:b1345,seed7001,NW2_diplo,150,0.001,tail,25,4,0.16,0.5153930731170973
seed7003:b1905,seed7003,S5_civ_wonders,150,0.038,tail,43,4,0.09302325581395349,0.8864760857614074
seed7008:b1658,seed7008,W5_tech_lead,150,0.037,tail,4,4,1.0,0.08246289169873557
seed7014:b1319,seed7014,W6_peace_at,150,0.019,tail,32,4,0.125,0.6597031335898845
seed7011:b1769,seed7011,NB4_drawdown,150,0.047,tail,111,4,0.036036036036036036,2.288345244639912
seed7003:b1586,seed7003,NEW_civil_war,150,0.041,tail,15,4,0.26666666666666666,0.3092358438702584
seed7022:b896,seed7022,NW5_wonder,150,0.001,tail,44,4,0.09090909090909091,0.9070918086860912
seed7001:b1637,seed7001,NW4_survival,150,0.001,tail,7,5,0.7142857142857143,0.11544804837822978
seed7008:b1954,seed7008,EX_government_at,150,0.029,tail,80,5,0.0625,1.319406267179769
seed7005:b1575,seed7005,NB1_value_threshold,150,0.05,tail,12,5,0.4166666666666667,0.19791094007696536
seed7005:b1260,seed7005,NW1_war_at,150,0.048,tail,3,3,1.0,0.08246289169873557
seed7022:b922,seed7022,EX_tech_discovered,150,0.028,tail,179,5,0.027932960893854747,2.952171522814733
seed7010:b1414,seed7010,W1_wonder_race,150,0.026,tail,94,4,0.0425531914893617,1.9378779549202858
seed7008:b1354,seed7008,W2_directed_conquest,150,0.042,tail,24,4,0.16666666666666666,0.4947773501924134
seed7008:b1421,seed7008,NW2_diplo,150,0.003,tail,25,4,0.16,0.5153930731170973
seed7008:b1826,seed7008,S5_civ_wonders,150,0.007,tail,43,4,0.09302325581395349,0.8864760857614074
seed7008:b1541,seed7008,W5_tech_lead,150,0.027,tail,4,4,1.0,0.08246289169873557
seed7005:b1360,seed7005,W6_peace_at,150,0.036,tail,32,4,0.125,0.6597031335898845
seed7008:b1940,seed7008,NB4_drawdown,150,0.012,tail,111,4,0.036036036036036036,2.288345244639912
seed7022:b1111,seed7022,NEW_civil_war,150,0.032,tail,15,4,0.26666666666666666,0.3092358438702584
seed7005:b1396,seed7005,NW5_wonder,150,0.005,tail,44,4,0.09090909090909091,0.9070918086860912
seed7001:b1526,seed7001,NW4_survival,150,0.002,tail,7,5,0.7142857142857143,0.11544804837822978
seed7014:b1414,seed7014,EX_government_at,150,0.007,tail,80,5,0.0625,1.319406267179769
seed7003:b1538,seed7003,NB1_value_threshold,150,0.05,tail,12,5,0.4166666666666667,0.19791094007696536
seed7001:b1431,seed7001,EX_tech_discovered,150,0.001,tail,179,5,0.027932960893854747,2.952171522814733
seed7014:b1387,seed7014,W1_wonder_race,150,0.013,tail,94,4,0.0425531914893617,1.9378779549202858
seed7022:b865,seed7022,W2_directed_conquest,150,0.001,tail,24,4,0.16666666666666666,0.4947773501924134
seed7008:b1379,seed7008,NW2_diplo,150,0.003,tail,25,4,0.16,0.5153930731170973
seed7008:b1717,seed7008,S5_civ_wonders,150,0.017,tail,43,4,0.09302325581395349,0.8864760857614074
seed7003:b1627,seed7003,W5_tech_lead,150,0.042,tail,4,4,1.0,0.08246289169873557
seed7014:b1369,seed7014,W6_peace_at,150,0.008,tail,32,4,0.125,0.6597031335898845
seed7022:b1099,seed7022,NB4_drawdown,150,0.005,tail,111,4,0.036036036036036036,2.288345244639912
seed7003:b1804,seed7003,NEW_civil_war,150,0.044,tail,15,4,0.26666666666666666,0.3092358438702584
seed7011:b1430,seed7011,NW5_wonder,150,0.007,tail,44,4,0.09090909090909091,0.9070918086860912
seed7022:b1234,seed7022,NW4_survival,150,0.002,tail,7,5,0.7142857142857143,0.11544804837822978
seed7003:b1588,seed7003,EX_government_at,150,0.039,tail,80,5,0.0625,1.319406267179769
seed7011:b1614,seed7011,NB1_value_threshold,150,0.05,tail,12,5,0.4166666666666667,0.19791094007696536
seed7001:b1651,seed7001,EX_tech_discovered,150,0.026,tail,179,5,0.027932960893854747,2.952171522814733
seed7022:b486,seed7022,W6_peace_at,120,0.003,tail,31,4,0.12903225806451613,0.6390874106652006
seed7001:b791,seed7001,W1_wonder_race,120,0.001,tail,89,4,0.0449438202247191,1.8347993402968663
seed7003:b630,seed7003,NW2_diplo,120,0.027,tail,31,4,0.12903225806451613,0.6390874106652006
seed7011:b935,seed7011,W5_tech_lead,120,0.032,tail,13,4,0.3076923076923077,0.2680043980208906
seed7014:b1290,seed7014,NB4_drawdown,120,0.01,tail,170,4,0.023529411764705882,3.5046728971962615
seed7022:b850,seed7022,NW4_survival,120,0.001,tail,2,2,1.0,0.08246289169873557
seed7022:b495,seed7022,EX_comparative,120,0.033,tail,20,4,0.2,0.4123144584936778
seed7010:b896,seed7010,NEW_civil_war,120,0.018,tail,27,4,0.14814814814814814,0.556624518966465
seed7005:b720,seed7005,NW5_wonder,120,0.006,tail,43,4,0.09302325581395349,0.8864760857614074
seed7003:b770,seed7003,EX_tech_discovered,120,0.03,tail,196,4,0.02040816326530612,4.040681693238043
seed7011:b1289,seed7011,NB1_value_threshold,120,0.05,tail,5,4,0.8,0.10307861462341945
seed7011:b662,seed7011,W2_directed_conquest,120,0.048,tail,41,4,0.0975609756097561,0.8452446399120396
seed7022:b485,seed7022,NW1_war_at,120,0.001,tail,5,4,0.8,0.10307861462341945
seed7003:b1302,seed7003,S5_civ_wonders,120,0.009,tail,50,4,0.08,1.0307861462341945
seed7008:b1218,seed7008,EX_government_at,120,0.001,tail,57,4,0.07017543859649122,1.175096206706982
seed7003:b764,seed7003,S4_gov_change_count,120,0.024,tail,2,2,1.0,0.08246289169873557
seed7001:b663,seed7001,W6_peace_at,120,0.012,tail,31,4,0.12903225806451613,0.6390874106652006
seed7010:b762,seed7010,W1_wonder_race,120,0.005,tail,89,4,0.0449438202247191,1.8347993402968663
seed7001:b680,seed7001,NW2_diplo,120,0.042,tail,31,4,0.12903225806451613,0.6390874106652006
seed7001:b835,seed7001,W5_tech_lead,120,0.034,tail,13,4,0.3076923076923077,0.2680043980208906
seed7008:b872,seed7008,NB4_drawdown,120,0.004,tail,170,4,0.023529411764705882,3.5046728971962615
seed7022:b734,seed7022,NW4_survival,120,0.001,tail,2,2,1.0,0.08246289169873557
seed7008:b668,seed7008,EX_comparative,120,0.035,tail,20,4,0.2,0.4123144584936778
seed7008:b1325,seed7008,NEW_civil_war,120,0.016,tail,27,4,0.14814814814814814,0.556624518966465
seed7011:b771,seed7011,NW5_wonder,120,0.001,tail,43,4,0.09302325581395349,0.8864760857614074
seed7003:b992,seed7003,EX_tech_discovered,120,0.01,tail,196,4,0.02040816326530612,4.040681693238043
seed7011:b955,seed7011,NB1_value_threshold,120,0.05,tail,5,4,0.8,0.10307861462341945
seed7005:b590,seed7005,W2_directed_conquest,120,0.005,tail,41,4,0.0975609756097561,0.8452446399120396
seed7014:b713,seed7014,NW1_war_at,120,0.019,tail,5,4,0.8,0.10307861462341945
seed7010:b885,seed7010,S5_civ_wonders,120,0.001,tail,50,4,0.08,1.0307861462341945
seed7010:b785,seed7010,EX_government_at,120,0.003,tail,57,4,0.07017543859649122,1.175096206706982
seed7001:b798,seed7001,S4_gov_change_count,120,0.015,tail,2,2,1.0,0.08246289169873557
seed7011:b707,seed7011,W6_peace_at,120,0.002,tail,31,4,0.12903225806451613,0.6390874106652006
seed7014:b748,seed7014,W1_wonder_race,120,0.012,tail,89,4,0.0449438202247191,1.8347993402968663
seed7003:b665,seed7003,NW2_diplo,120,0.001,tail,31,4,0.12903225806451613,0.6390874106652006
seed7008:b927,seed7008,W5_tech_lead,120,0.012,tail,13,4,0.3076923076923077,0.2680043980208906
seed7005:b1139,seed7005,NB4_drawdown,120,0.018,tail,170,4,0.023529411764705882,3.5046728971962615
seed7008:b654,seed7008,EX_comparative,120,0.05,tail,20,4,0.2,0.4123144584936778
seed7003:b868,seed7003,NEW_civil_war,120,0.029,tail,27,4,0.14814814814814814,0.556624518966465
seed7014:b746,seed7014,NW5_wonder,120,0.045,tail,43,4,0.09302325581395349,0.8864760857614074
seed7011:b1017,seed7011,EX_tech_discovered,120,0.048,tail,196,4,0.02040816326530612,4.040681693238043
seed7008:b1167,seed7008,NB1_value_threshold,120,0.05,tail,5,4,0.8,0.10307861462341945
seed7005:b657,seed7005,W2_directed_conquest,120,0.034,tail,41,4,0.0975609756097561,0.8452446399120396
seed7011:b733,seed7011,NW1_war_at,120,0.031,tail,5,4,0.8,0.10307861462341945
seed7010:b1210,seed7010,S5_civ_wonders,120,0.002,tail,50,4,0.08,1.0307861462341945
seed7003:b871,seed7003,EX_government_at,120,0.019,tail,57,4,0.07017543859649122,1.175096206706982
seed7008:b700,seed7008,W6_peace_at,120,0.006,tail,31,4,0.12903225806451613,0.6390874106652006
seed7014:b766,seed7014,W1_wonder_race,120,0.001,tail,89,4,0.0449438202247191,1.8347993402968663
seed7001:b623,seed7001,NW2_diplo,120,0.046,tail,31,4,0.12903225806451613,0.6390874106652006
seed7003:b1131,seed7003,W5_tech_lead,120,0.031,tail,13,4,0.3076923076923077,0.2680043980208906
seed7001:b1004,seed7001,NB4_drawdown,120,0.037,tail,170,4,0.023529411764705882,3.5046728971962615
seed7022:b505,seed7022,EX_comparative,120,0.012,tail,20,4,0.2,0.4123144584936778
seed7014:b981,seed7014,NEW_civil_war,120,0.034,tail,27,4,0.14814814814814814,0.556624518966465
seed7022:b520,seed7022,NW5_wonder,120,0.02,tail,43,4,0.09302325581395349,0.8864760857614074
seed7022:b545,seed7022,EX_tech_discovered,120,0.007,tail,196,4,0.02040816326530612,4.040681693238043
seed7022:b684,seed7022,NB1_value_threshold,120,0.05,tail,5,4,0.8,0.10307861462341945
seed7003:b632,seed7003,W2_directed_conquest,120,0.004,tail,41,4,0.0975609756097561,0.8452446399120396
seed7005:b678,seed7005,NW1_war_at,120,0.005,tail,5,4,0.8,0.10307861462341945
seed7005:b821,seed7005,S5_civ_wonders,120,0.033,tail,50,4,0.08,1.0307861462341945
seed7003:b983,seed7003,EX_government_at,120,0.001,tail,57,4,0.07017543859649122,1.175096206706982
seed7022:b40,seed7022,EX_comparative,90,0.003,tail,112,4,0.03571428571428571,2.308960967564596
seed7008:b416,seed7008,S6_city_founding,90,0.017,tail,2,2,1.0,0.08246289169873557
seed7011:b342,seed7011,EX_government_at,90,0.016,tail,69,4,0.057971014492753624,1.4224848818031886
seed7005:b302,seed7005,S4_gov_change_count,90,0.022,tail,19,4,0.21052631578947367,0.3916987355689939
seed7011:b125,seed7011,W1_wonder_race,90,0.003,tail,36,4,0.1111111111111111,0.7421660252886201
seed7001:b455,seed7001,EX_tech_discovered,90,0.004,tail,204,3,0.014705882352941176,5.607476635514018
seed7011:b1,seed7011,W6_peace_at,90,0.005,tail,11,3,0.2727272727272727,0.30236393622869706
seed7011:b233,seed7011,W3_capture_k,90,0.005,tail,56,3,0.05357142857142857,1.5393073117097307
seed7014:b373,seed7014,NB1_value_threshold,90,0.05,tail,2,2,1.0,0.08246289169873557
seed7008:b130,seed7008,NB6_event,90,0.009,tail,8,3,0.375,0.2199010445299615
seed7001:b220,seed7001,S5_civ_wonders,90,0.011,tail,24,3,0.125,0.6597031335898845
seed7005:b395,seed7005,W4_lose_k,90,0.001,tail,28,3,0.10714285714285714,0.7696536558548653
seed7011:b106,seed7011,NW2_diplo,90,0.038,tail,19,3,0.15789473684210525,0.5222649807586586
seed7022:b276,seed7022,NW4_survival,90,0.001,tail,1,1,1.0,0.08246289169873557
seed7001:b231,seed7001,NEW_civil_war,90,0.012,tail,37,3,0.08108108108108109,1.017042330951072
seed7008:b63,seed7008,W2_directed_conquest,90,0.01,tail,60,3,0.05,1.6492578339747113
seed7001:b604,seed7001,NB4_drawdown,90,0.035,tail,246,3,0.012195121951219513,6.761957119296317
seed7003:b110,seed7003,NW5_wonder,90,0.002,tail,17,3,0.17647058823529413,0.4672897196261682
seed7001:b81,seed7001,NW1_war_at,90,0.026,tail,9,3,0.3333333333333333,0.2473886750962067
seed7003:b251,seed7003,W5_tech_lead,90,0.023,tail,13,3,0.23076923076923078,0.3573391973611874
seed7014:b55,seed7014,EX_comparative,90,0.014,tail,112,4,0.03571428571428571,2.308960967564596
seed7005:b387,seed7005,S6_city_founding,90,0.025,tail,2,2,1.0,0.08246289169873557
seed7005:b487,seed7005,EX_government_at,90,0.007,tail,69,4,0.057971014492753624,1.4224848818031886
seed7003:b122,seed7003,S4_gov_change_count,90,0.029,tail,19,4,0.21052631578947367,0.3916987355689939
seed7001:b120,seed7001,W1_wonder_race,90,0.001,tail,36,4,0.1111111111111111,0.7421660252886201
seed7001:b339,seed7001,EX_tech_discovered,90,0.034,tail,204,3,0.014705882352941176,5.607476635514018
seed7010:b34,seed7010,W6_peace_at,90,0.002,tail,11,3,0.2727272727272727,0.30236393622869706
seed7003:b212,seed7003,W3_capture_k,90,0.012,tail,56,3,0.05357142857142857,1.5393073117097307
seed7008:b381,seed7008,NB1_value_threshold,90,0.05,tail,2,2,1.0,0.08246289169873557
seed7011:b122,seed7011,NB6_event,90,0.018,tail,8,3,0.375,0.2199010445299615
seed7008:b227,seed7008,S5_civ_wonders,90,0.001,tail,24,3,0.125,0.6597031335898845
seed7001:b620,seed7001,W4_lose_k,90,0.014,tail,28,3,0.10714285714285714,0.7696536558548653
seed7010:b59,seed7010,NW2_diplo,90,0.002,tail,19,3,0.15789473684210525,0.5222649807586586
seed7022:b472,seed7022,NEW_civil_war,90,0.011,tail,37,3,0.08108108108108109,1.017042330951072
seed7008:b39,seed7008,W2_directed_conquest,90,0.013,tail,60,3,0.05,1.6492578339747113
seed7022:b261,seed7022,NB4_drawdown,90,0.004,tail,246,3,0.012195121951219513,6.761957119296317
seed7008:b139,seed7008,NW5_wonder,90,0.003,tail,17,3,0.17647058823529413,0.4672897196261682
seed7001:b58,seed7001,NW1_war_at,90,0.049,tail,9,3,0.3333333333333333,0.2473886750962067
seed7005:b419,seed7005,W5_tech_lead,90,0.022,tail,13,3,0.23076923076923078,0.3573391973611874
seed7003:b42,seed7003,EX_comparative,90,0.029,tail,112,4,0.03571428571428571,2.308960967564596
seed7022:b379,seed7022,EX_government_at,90,0.002,tail,69,4,0.057971014492753624,1.4224848818031886
seed7014:b137,seed7014,S4_gov_change_count,90,0.042,tail,19,4,0.21052631578947367,0.3916987355689939
seed7014:b120,seed7014,W1_wonder_race,90,0.001,tail,36,4,0.1111111111111111,0.7421660252886201
seed7008:b169,seed7008,EX_tech_discovered,90,0.001,tail,204,3,0.014705882352941176,5.607476635514018
seed7022:b1,seed7022,W6_peace_at,90,0.008,tail,11,3,0.2727272727272727,0.30236393622869706
seed7005:b204,seed7005,W3_capture_k,90,0.002,tail,56,3,0.05357142857142857,1.5393073117097307
seed7005:b105,seed7005,NB6_event,90,0.001,tail,8,3,0.375,0.2199010445299615
seed7011:b229,seed7011,S5_civ_wonders,90,0.026,tail,24,3,0.125,0.6597031335898845
seed7008:b423,seed7008,W4_lose_k,90,0.026,tail,28,3,0.10714285714285714,0.7696536558548653
seed7010:b13,seed7010,NW2_diplo,90,0.038,tail,19,3,0.15789473684210525,0.5222649807586586
seed7011:b340,seed7011,NEW_civil_war,90,0.001,tail,37,3,0.08108108108108109,1.017042330951072
seed7001:b93,seed7001,W2_directed_conquest,90,0.004,tail,60,3,0.05,1.6492578339747113
seed7008:b611,seed7008,NB4_drawdown,90,0.002,tail,246,3,0.012195121951219513,6.761957119296317
seed7001:b119,seed7001,NW5_wonder,90,0.002,tail,17,3,0.17647058823529413,0.4672897196261682
seed7001:b91,seed7001,NW1_war_at,90,0.01,tail,9,3,0.3333333333333333,0.2473886750962067
seed7011:b374,seed7011,W5_tech_lead,90,0.013,tail,13,3,0.23076923076923078,0.3573391973611874
seed7003:b72,seed7003,EX_comparative,90,0.049,tail,112,4,0.03571428571428571,2.308960967564596
seed7011:b540,seed7011,EX_government_at,90,0.025,tail,69,4,0.057971014492753624,1.4224848818031886
seed7022:b281,seed7022,S4_gov_change_count,90,0.041,tail,19,4,0.21052631578947367,0.3916987355689939
seed7003:b107,seed7003,W1_wonder_race,90,0.009,tail,36,4,0.1111111111111111,0.7421660252886201
